age,test_time,motor_UPDRS,total_UPDRS,Jitter(%),Jitter(Abs),Jitter:RAP,Jitter:PPQ5,Jitter:DDP,Shimmer,Shimmer(dB),Shimmer:APQ3,Shimmer:APQ5,Shimmer:APQ11,Shimmer:DDA,NHR,HNR,RPDE,DFA,PPE
0.13548289229332144,0.8520842146710245,1.450161956270676,1.3593374424186035,0.6643678266851184,0.7229757544168095,1.0285771378083521,0.24473207781113762,1.0285603851705158,0.28470540179432585,0.07835504233988923,0.5881158534118441,0.000949206682731192,-0.03456995165540639,0.5878677139437395,0.2883897251686837,0.434309405329484,-0.47855294401385384,-0.12017124845458312,-0.8273974696358969
-3.2655796011831035,0.952755883083553,-1.739087488635429,-1.5850408236365114,-0.3349654300015885,-0.5671748296026184,-0.3192469105780477,-0.17336186750580654,-0.32032600546619766,-0.5014995381978558,-0.44719707091546385,-0.5897332358578468,-0.5319835595470983,-0.5444665391503805,-0.58947652155334,-0.31210728046410735,0.5359237910476402,-0.08945517833456915,-0.23724420800197837,0.14133480250665284
-0.7714671059670586,-1.5353125909818508,-1.2398495913748313,-1.3935342665737893,0.6305825386476676,0.6190299727659551,0.6764140847857775,0.43501842471820823,0.6763985901466903,0.6694851705546548,1.116429051166578,0.9318755298824722,0.6851196498156202,0.5328713930151533,0.9316270468749722,0.13075130303825205,-0.768049805496131,-0.4847919766526407,1.4421180285899409,0.1910666296334564
-0.5447296064019636,-0.9924153575891568,-1.0502718087478429,-1.1684743400696243,0.5487865781359441,0.7449322163163214,0.11615468224986294,0.19917055812916293,0.11507403201780489,1.525368539497399,1.5681432642125015,1.5498874317571403,1.6135509441371816,1.036262921003322,1.549890169472904,0.825841414351606,-1.708448994424481,2.36555464889614,1.850321817662426,1.4025557985861832
-0.31799210683686857,0.19547290526663208,0.5037493139933095,0.2786198634453217,4.594130277357044,3.874978721535364,4.425349858326096,4.725841543003001,4.425320971718507,3.5177845051004306,3.952673100387616,3.5867579543171706,3.1403313014442604,2.170645221151611,3.586506818128494,7.363890364860202,-3.6328296890914915,1.7637355799134447,-0.9928584782373983,2.677876587411555

